filename,label
NonViolence\NV_1.mp4,NonViolence
NonViolence\NV_10.mp4,NonViolence
NonViolence\NV_100.mp4,NonViolence
NonViolence\NV_1000.mp4,NonViolence
NonViolence\NV_101.mp4,NonViolence
NonViolence\NV_102.mp4,NonViolence
NonViolence\NV_103.mp4,NonViolence
NonViolence\NV_104.mp4,NonViolence
NonViolence\NV_105.mp4,NonViolence
NonViolence\NV_106.mp4,NonViolence
NonViolence\NV_107.mp4,NonViolence
NonViolence\NV_108.mp4,NonViolence
NonViolence\NV_109.mp4,NonViolence
NonViolence\NV_11.mp4,NonViolence
NonViolence\NV_110.mp4,NonViolence
NonViolence\NV_111.mp4,NonViolence
NonViolence\NV_112.mp4,NonViolence
NonViolence\NV_113.mp4,NonViolence
NonViolence\NV_114.mp4,NonViolence
NonViolence\NV_115.mp4,NonViolence
NonViolence\NV_116.mp4,NonViolence
NonViolence\NV_117.mp4,NonViolence
NonViolence\NV_118.mp4,NonViolence
NonViolence\NV_119.mp4,NonViolence
NonViolence\NV_12.mp4,NonViolence
NonViolence\NV_120.mp4,NonViolence
NonViolence\NV_121.mp4,NonViolence
NonViolence\NV_122.mp4,NonViolence
NonViolence\NV_123.mp4,NonViolence
NonViolence\NV_124.mp4,NonViolence
NonViolence\NV_125.mp4,NonViolence
NonViolence\NV_126.mp4,NonViolence
NonViolence\NV_127.mp4,NonViolence
NonViolence\NV_128.mp4,NonViolence
NonViolence\NV_129.mp4,NonViolence
NonViolence\NV_13.mp4,NonViolence
NonViolence\NV_130.mp4,NonViolence
NonViolence\NV_131.mp4,NonViolence
NonViolence\NV_132.mp4,NonViolence
NonViolence\NV_133.mp4,NonViolence
NonViolence\NV_134.mp4,NonViolence
NonViolence\NV_135.mp4,NonViolence
NonViolence\NV_136.mp4,NonViolence
NonViolence\NV_137.mp4,NonViolence
NonViolence\NV_138.mp4,NonViolence
NonViolence\NV_139.mp4,NonViolence
NonViolence\NV_14.mp4,NonViolence
NonViolence\NV_140.mp4,NonViolence
NonViolence\NV_141.mp4,NonViolence
NonViolence\NV_142.mp4,NonViolence
NonViolence\NV_143.mp4,NonViolence
NonViolence\NV_144.mp4,NonViolence
NonViolence\NV_145.mp4,NonViolence
NonViolence\NV_146.mp4,NonViolence
NonViolence\NV_147.mp4,NonViolence
NonViolence\NV_148.mp4,NonViolence
NonViolence\NV_149.mp4,NonViolence
NonViolence\NV_15.mp4,NonViolence
NonViolence\NV_150.mp4,NonViolence
NonViolence\NV_151.mp4,NonViolence
NonViolence\NV_152.mp4,NonViolence
NonViolence\NV_153.mp4,NonViolence
NonViolence\NV_154.mp4,NonViolence
NonViolence\NV_155.mp4,NonViolence
NonViolence\NV_156.mp4,NonViolence
NonViolence\NV_157.mp4,NonViolence
NonViolence\NV_158.mp4,NonViolence
NonViolence\NV_159.mp4,NonViolence
NonViolence\NV_16.mp4,NonViolence
NonViolence\NV_160.mp4,NonViolence
NonViolence\NV_161.mp4,NonViolence
NonViolence\NV_162.mp4,NonViolence
NonViolence\NV_163.mp4,NonViolence
NonViolence\NV_164.mp4,NonViolence
NonViolence\NV_165.mp4,NonViolence
NonViolence\NV_166.mp4,NonViolence
NonViolence\NV_167.mp4,NonViolence
NonViolence\NV_168.mp4,NonViolence
NonViolence\NV_169.mp4,NonViolence
NonViolence\NV_17.mp4,NonViolence
NonViolence\NV_170.mp4,NonViolence
NonViolence\NV_171.mp4,NonViolence
NonViolence\NV_172.mp4,NonViolence
NonViolence\NV_173.mp4,NonViolence
NonViolence\NV_174.mp4,NonViolence
NonViolence\NV_175.mp4,NonViolence
NonViolence\NV_176.mp4,NonViolence
NonViolence\NV_177.mp4,NonViolence
NonViolence\NV_178.mp4,NonViolence
NonViolence\NV_179.mp4,NonViolence
NonViolence\NV_18.mp4,NonViolence
NonViolence\NV_180.mp4,NonViolence
NonViolence\NV_181.mp4,NonViolence
NonViolence\NV_182.mp4,NonViolence
NonViolence\NV_183.mp4,NonViolence
NonViolence\NV_184.mp4,NonViolence
NonViolence\NV_185.mp4,NonViolence
NonViolence\NV_186.mp4,NonViolence
NonViolence\NV_187.mp4,NonViolence
NonViolence\NV_188.mp4,NonViolence
NonViolence\NV_189.mp4,NonViolence
NonViolence\NV_19.mp4,NonViolence
NonViolence\NV_190.mp4,NonViolence
NonViolence\NV_191.mp4,NonViolence
NonViolence\NV_192.mp4,NonViolence
NonViolence\NV_193.mp4,NonViolence
NonViolence\NV_194.mp4,NonViolence
NonViolence\NV_195.mp4,NonViolence
NonViolence\NV_196.mp4,NonViolence
NonViolence\NV_197.mp4,NonViolence
NonViolence\NV_198.mp4,NonViolence
NonViolence\NV_199.mp4,NonViolence
NonViolence\NV_2.mp4,NonViolence
NonViolence\NV_20.mp4,NonViolence
NonViolence\NV_200.mp4,NonViolence
NonViolence\NV_201.mp4,NonViolence
NonViolence\NV_202.mp4,NonViolence
NonViolence\NV_203.mp4,NonViolence
NonViolence\NV_204.mp4,NonViolence
NonViolence\NV_205.mp4,NonViolence
NonViolence\NV_206.mp4,NonViolence
NonViolence\NV_207.mp4,NonViolence
NonViolence\NV_208.mp4,NonViolence
NonViolence\NV_209.mp4,NonViolence
NonViolence\NV_21.mp4,NonViolence
NonViolence\NV_210.mp4,NonViolence
NonViolence\NV_211.mp4,NonViolence
NonViolence\NV_212.mp4,NonViolence
NonViolence\NV_213.mp4,NonViolence
NonViolence\NV_214.mp4,NonViolence
NonViolence\NV_215.mp4,NonViolence
NonViolence\NV_216.mp4,NonViolence
NonViolence\NV_217.mp4,NonViolence
NonViolence\NV_218.mp4,NonViolence
NonViolence\NV_219.mp4,NonViolence
NonViolence\NV_22.mp4,NonViolence
NonViolence\NV_220.mp4,NonViolence
NonViolence\NV_221.mp4,NonViolence
NonViolence\NV_222.mp4,NonViolence
NonViolence\NV_223.mp4,NonViolence
NonViolence\NV_224.mp4,NonViolence
NonViolence\NV_225.mp4,NonViolence
NonViolence\NV_226.mp4,NonViolence
NonViolence\NV_227.mp4,NonViolence
NonViolence\NV_228.mp4,NonViolence
NonViolence\NV_229.mp4,NonViolence
NonViolence\NV_23.mp4,NonViolence
NonViolence\NV_230.mp4,NonViolence
NonViolence\NV_231.mp4,NonViolence
NonViolence\NV_232.mp4,NonViolence
NonViolence\NV_233.mp4,NonViolence
NonViolence\NV_234.mp4,NonViolence
NonViolence\NV_235.mp4,NonViolence
NonViolence\NV_236.mp4,NonViolence
NonViolence\NV_237.mp4,NonViolence
NonViolence\NV_238.mp4,NonViolence
NonViolence\NV_239.mp4,NonViolence
NonViolence\NV_24.mp4,NonViolence
NonViolence\NV_240.mp4,NonViolence
NonViolence\NV_241.mp4,NonViolence
NonViolence\NV_242.mp4,NonViolence
NonViolence\NV_243.mp4,NonViolence
NonViolence\NV_244.mp4,NonViolence
NonViolence\NV_245.mp4,NonViolence
NonViolence\NV_246.mp4,NonViolence
NonViolence\NV_247.mp4,NonViolence
NonViolence\NV_248.mp4,NonViolence
NonViolence\NV_249.mp4,NonViolence
NonViolence\NV_25.mp4,NonViolence
NonViolence\NV_250.mp4,NonViolence
NonViolence\NV_251.mp4,NonViolence
NonViolence\NV_252.mp4,NonViolence
NonViolence\NV_253.mp4,NonViolence
NonViolence\NV_254.mp4,NonViolence
NonViolence\NV_255.mp4,NonViolence
NonViolence\NV_256.mp4,NonViolence
NonViolence\NV_257.mp4,NonViolence
NonViolence\NV_258.mp4,NonViolence
NonViolence\NV_259.mp4,NonViolence
NonViolence\NV_26.mp4,NonViolence
NonViolence\NV_260.mp4,NonViolence
NonViolence\NV_261.mp4,NonViolence
NonViolence\NV_262.mp4,NonViolence
NonViolence\NV_263.mp4,NonViolence
NonViolence\NV_264.mp4,NonViolence
NonViolence\NV_265.mp4,NonViolence
NonViolence\NV_266.mp4,NonViolence
NonViolence\NV_267.mp4,NonViolence
NonViolence\NV_268.mp4,NonViolence
NonViolence\NV_269.mp4,NonViolence
NonViolence\NV_27.mp4,NonViolence
NonViolence\NV_270.mp4,NonViolence
NonViolence\NV_271.mp4,NonViolence
NonViolence\NV_272.mp4,NonViolence
NonViolence\NV_273.mp4,NonViolence
NonViolence\NV_274.mp4,NonViolence
NonViolence\NV_275.mp4,NonViolence
NonViolence\NV_276.mp4,NonViolence
NonViolence\NV_277.mp4,NonViolence
NonViolence\NV_278.mp4,NonViolence
NonViolence\NV_279.mp4,NonViolence
NonViolence\NV_28.mp4,NonViolence
NonViolence\NV_280.mp4,NonViolence
NonViolence\NV_281.mp4,NonViolence
NonViolence\NV_282.mp4,NonViolence
NonViolence\NV_283.mp4,NonViolence
NonViolence\NV_284.mp4,NonViolence
NonViolence\NV_285.mp4,NonViolence
NonViolence\NV_286.mp4,NonViolence
NonViolence\NV_287.mp4,NonViolence
NonViolence\NV_288.mp4,NonViolence
NonViolence\NV_289.mp4,NonViolence
NonViolence\NV_29.mp4,NonViolence
NonViolence\NV_290.mp4,NonViolence
NonViolence\NV_291.mp4,NonViolence
NonViolence\NV_292.mp4,NonViolence
NonViolence\NV_293.mp4,NonViolence
NonViolence\NV_294.mp4,NonViolence
NonViolence\NV_295.mp4,NonViolence
NonViolence\NV_296.mp4,NonViolence
NonViolence\NV_297.mp4,NonViolence
NonViolence\NV_298.mp4,NonViolence
NonViolence\NV_299.mp4,NonViolence
NonViolence\NV_3.mp4,NonViolence
NonViolence\NV_30.mp4,NonViolence
NonViolence\NV_300.mp4,NonViolence
NonViolence\NV_301.mp4,NonViolence
NonViolence\NV_302.mp4,NonViolence
NonViolence\NV_303.mp4,NonViolence
NonViolence\NV_304.mp4,NonViolence
NonViolence\NV_305.mp4,NonViolence
NonViolence\NV_306.mp4,NonViolence
NonViolence\NV_307.mp4,NonViolence
NonViolence\NV_308.mp4,NonViolence
NonViolence\NV_309.mp4,NonViolence
NonViolence\NV_31.mp4,NonViolence
NonViolence\NV_310.mp4,NonViolence
NonViolence\NV_311.mp4,NonViolence
NonViolence\NV_312.mp4,NonViolence
NonViolence\NV_313.mp4,NonViolence
NonViolence\NV_314.mp4,NonViolence
NonViolence\NV_315.mp4,NonViolence
NonViolence\NV_316.mp4,NonViolence
NonViolence\NV_317.mp4,NonViolence
NonViolence\NV_318.mp4,NonViolence
NonViolence\NV_319.mp4,NonViolence
NonViolence\NV_32.mp4,NonViolence
NonViolence\NV_320.mp4,NonViolence
NonViolence\NV_321.mp4,NonViolence
NonViolence\NV_322.mp4,NonViolence
NonViolence\NV_323.mp4,NonViolence
NonViolence\NV_324.mp4,NonViolence
NonViolence\NV_325.mp4,NonViolence
NonViolence\NV_326.mp4,NonViolence
NonViolence\NV_327.mp4,NonViolence
NonViolence\NV_328.mp4,NonViolence
NonViolence\NV_329.mp4,NonViolence
NonViolence\NV_33.mp4,NonViolence
NonViolence\NV_330.mp4,NonViolence
NonViolence\NV_331.mp4,NonViolence
NonViolence\NV_332.mp4,NonViolence
NonViolence\NV_333.mp4,NonViolence
NonViolence\NV_334.mp4,NonViolence
NonViolence\NV_335.mp4,NonViolence
NonViolence\NV_336.mp4,NonViolence
NonViolence\NV_337.mp4,NonViolence
NonViolence\NV_338.mp4,NonViolence
NonViolence\NV_339.mp4,NonViolence
NonViolence\NV_34.mp4,NonViolence
NonViolence\NV_340.mp4,NonViolence
NonViolence\NV_341.mp4,NonViolence
NonViolence\NV_342.mp4,NonViolence
NonViolence\NV_343.mp4,NonViolence
NonViolence\NV_344.mp4,NonViolence
NonViolence\NV_345.mp4,NonViolence
NonViolence\NV_346.mp4,NonViolence
NonViolence\NV_347.mp4,NonViolence
NonViolence\NV_348.mp4,NonViolence
NonViolence\NV_349.mp4,NonViolence
NonViolence\NV_35.mp4,NonViolence
NonViolence\NV_350.mp4,NonViolence
NonViolence\NV_351.mp4,NonViolence
NonViolence\NV_352.mp4,NonViolence
NonViolence\NV_353.mp4,NonViolence
NonViolence\NV_354.mp4,NonViolence
NonViolence\NV_355.mp4,NonViolence
NonViolence\NV_356.mp4,NonViolence
NonViolence\NV_357.mp4,NonViolence
NonViolence\NV_358.mp4,NonViolence
NonViolence\NV_359.mp4,NonViolence
NonViolence\NV_36.mp4,NonViolence
NonViolence\NV_360.mp4,NonViolence
NonViolence\NV_361.mp4,NonViolence
NonViolence\NV_362.mp4,NonViolence
NonViolence\NV_363.mp4,NonViolence
NonViolence\NV_364.mp4,NonViolence
NonViolence\NV_365.mp4,NonViolence
NonViolence\NV_366.mp4,NonViolence
NonViolence\NV_367.mp4,NonViolence
NonViolence\NV_368.mp4,NonViolence
NonViolence\NV_369.mp4,NonViolence
NonViolence\NV_37.mp4,NonViolence
NonViolence\NV_370.mp4,NonViolence
NonViolence\NV_371.mp4,NonViolence
NonViolence\NV_372.mp4,NonViolence
NonViolence\NV_373.mp4,NonViolence
NonViolence\NV_374.mp4,NonViolence
NonViolence\NV_375.mp4,NonViolence
NonViolence\NV_376.mp4,NonViolence
NonViolence\NV_377.mp4,NonViolence
NonViolence\NV_378.mp4,NonViolence
NonViolence\NV_379.mp4,NonViolence
NonViolence\NV_38.mp4,NonViolence
NonViolence\NV_380.mp4,NonViolence
NonViolence\NV_381.mp4,NonViolence
NonViolence\NV_382.mp4,NonViolence
NonViolence\NV_383.mp4,NonViolence
NonViolence\NV_384.mp4,NonViolence
NonViolence\NV_385.mp4,NonViolence
NonViolence\NV_386.mp4,NonViolence
NonViolence\NV_387.mp4,NonViolence
NonViolence\NV_388.mp4,NonViolence
NonViolence\NV_389.mp4,NonViolence
NonViolence\NV_39.mp4,NonViolence
NonViolence\NV_390.mp4,NonViolence
NonViolence\NV_391.mp4,NonViolence
NonViolence\NV_392.mp4,NonViolence
NonViolence\NV_393.mp4,NonViolence
NonViolence\NV_394.mp4,NonViolence
NonViolence\NV_395.mp4,NonViolence
NonViolence\NV_396.mp4,NonViolence
NonViolence\NV_397.mp4,NonViolence
NonViolence\NV_398.mp4,NonViolence
NonViolence\NV_399.mp4,NonViolence
NonViolence\NV_4.mp4,NonViolence
NonViolence\NV_40.mp4,NonViolence
NonViolence\NV_400.mp4,NonViolence
NonViolence\NV_401.mp4,NonViolence
NonViolence\NV_402.mp4,NonViolence
NonViolence\NV_403.mp4,NonViolence
NonViolence\NV_404.mp4,NonViolence
NonViolence\NV_405.mp4,NonViolence
NonViolence\NV_406.mp4,NonViolence
NonViolence\NV_407.mp4,NonViolence
NonViolence\NV_408.mp4,NonViolence
NonViolence\NV_409.mp4,NonViolence
NonViolence\NV_41.mp4,NonViolence
NonViolence\NV_410.mp4,NonViolence
NonViolence\NV_411.mp4,NonViolence
NonViolence\NV_412.mp4,NonViolence
NonViolence\NV_413.mp4,NonViolence
NonViolence\NV_414.mp4,NonViolence
NonViolence\NV_415.mp4,NonViolence
NonViolence\NV_416.mp4,NonViolence
NonViolence\NV_417.mp4,NonViolence
NonViolence\NV_418.mp4,NonViolence
NonViolence\NV_419.mp4,NonViolence
NonViolence\NV_42.mp4,NonViolence
NonViolence\NV_420.mp4,NonViolence
NonViolence\NV_421.mp4,NonViolence
NonViolence\NV_422.mp4,NonViolence
NonViolence\NV_423.mp4,NonViolence
NonViolence\NV_424.mp4,NonViolence
NonViolence\NV_425.mp4,NonViolence
NonViolence\NV_426.mp4,NonViolence
NonViolence\NV_427.mp4,NonViolence
NonViolence\NV_428.mp4,NonViolence
NonViolence\NV_429.mp4,NonViolence
NonViolence\NV_43.mp4,NonViolence
NonViolence\NV_430.mp4,NonViolence
NonViolence\NV_431.mp4,NonViolence
NonViolence\NV_432.mp4,NonViolence
NonViolence\NV_433.mp4,NonViolence
NonViolence\NV_434.mp4,NonViolence
NonViolence\NV_435.mp4,NonViolence
NonViolence\NV_436.mp4,NonViolence
NonViolence\NV_437.mp4,NonViolence
NonViolence\NV_438.mp4,NonViolence
NonViolence\NV_439.mp4,NonViolence
NonViolence\NV_44.mp4,NonViolence
NonViolence\NV_440.mp4,NonViolence
NonViolence\NV_441.mp4,NonViolence
NonViolence\NV_442.mp4,NonViolence
NonViolence\NV_443.mp4,NonViolence
NonViolence\NV_444.mp4,NonViolence
NonViolence\NV_445.mp4,NonViolence
NonViolence\NV_446.mp4,NonViolence
NonViolence\NV_447.mp4,NonViolence
NonViolence\NV_448.mp4,NonViolence
NonViolence\NV_449.mp4,NonViolence
NonViolence\NV_45.mp4,NonViolence
NonViolence\NV_450.mp4,NonViolence
NonViolence\NV_451.mp4,NonViolence
NonViolence\NV_452.mp4,NonViolence
NonViolence\NV_453.mp4,NonViolence
NonViolence\NV_454.mp4,NonViolence
NonViolence\NV_455.mp4,NonViolence
NonViolence\NV_456.mp4,NonViolence
NonViolence\NV_457.mp4,NonViolence
NonViolence\NV_458.mp4,NonViolence
NonViolence\NV_459.mp4,NonViolence
NonViolence\NV_46.mp4,NonViolence
NonViolence\NV_460.mp4,NonViolence
NonViolence\NV_461.mp4,NonViolence
NonViolence\NV_462.mp4,NonViolence
NonViolence\NV_463.mp4,NonViolence
NonViolence\NV_464.mp4,NonViolence
NonViolence\NV_465.mp4,NonViolence
NonViolence\NV_466.mp4,NonViolence
NonViolence\NV_467.mp4,NonViolence
NonViolence\NV_468.mp4,NonViolence
NonViolence\NV_469.mp4,NonViolence
NonViolence\NV_47.mp4,NonViolence
NonViolence\NV_470.mp4,NonViolence
NonViolence\NV_471.mp4,NonViolence
NonViolence\NV_472.mp4,NonViolence
NonViolence\NV_473.mp4,NonViolence
NonViolence\NV_474.mp4,NonViolence
NonViolence\NV_475.mp4,NonViolence
NonViolence\NV_476.mp4,NonViolence
NonViolence\NV_477.mp4,NonViolence
NonViolence\NV_478.mp4,NonViolence
NonViolence\NV_479.mp4,NonViolence
NonViolence\NV_48.mp4,NonViolence
NonViolence\NV_480.mp4,NonViolence
NonViolence\NV_481.mp4,NonViolence
NonViolence\NV_482.mp4,NonViolence
NonViolence\NV_483.mp4,NonViolence
NonViolence\NV_484.mp4,NonViolence
NonViolence\NV_485.mp4,NonViolence
NonViolence\NV_486.mp4,NonViolence
NonViolence\NV_487.mp4,NonViolence
NonViolence\NV_488.mp4,NonViolence
NonViolence\NV_489.mp4,NonViolence
NonViolence\NV_49.mp4,NonViolence
NonViolence\NV_490.mp4,NonViolence
NonViolence\NV_491.mp4,NonViolence
NonViolence\NV_492.mp4,NonViolence
NonViolence\NV_493.mp4,NonViolence
NonViolence\NV_494.mp4,NonViolence
NonViolence\NV_495.mp4,NonViolence
NonViolence\NV_496.mp4,NonViolence
NonViolence\NV_497.mp4,NonViolence
NonViolence\NV_498.mp4,NonViolence
NonViolence\NV_499.mp4,NonViolence
NonViolence\NV_5.mp4,NonViolence
NonViolence\NV_50.mp4,NonViolence
NonViolence\NV_500.mp4,NonViolence
NonViolence\NV_501.mp4,NonViolence
NonViolence\NV_502.mp4,NonViolence
NonViolence\NV_503.mp4,NonViolence
NonViolence\NV_504.mp4,NonViolence
NonViolence\NV_505.mp4,NonViolence
NonViolence\NV_506.mp4,NonViolence
NonViolence\NV_507.mp4,NonViolence
NonViolence\NV_508.mp4,NonViolence
NonViolence\NV_509.mp4,NonViolence
NonViolence\NV_51.mp4,NonViolence
NonViolence\NV_510.mp4,NonViolence
NonViolence\NV_511.mp4,NonViolence
NonViolence\NV_512.mp4,NonViolence
NonViolence\NV_513.mp4,NonViolence
NonViolence\NV_514.mp4,NonViolence
NonViolence\NV_515.mp4,NonViolence
NonViolence\NV_516.mp4,NonViolence
NonViolence\NV_517.mp4,NonViolence
NonViolence\NV_518.mp4,NonViolence
NonViolence\NV_519.mp4,NonViolence
NonViolence\NV_52.mp4,NonViolence
NonViolence\NV_520.mp4,NonViolence
NonViolence\NV_521.mp4,NonViolence
NonViolence\NV_522.mp4,NonViolence
NonViolence\NV_523.mp4,NonViolence
NonViolence\NV_524.mp4,NonViolence
NonViolence\NV_525.mp4,NonViolence
NonViolence\NV_526.mp4,NonViolence
NonViolence\NV_527.mp4,NonViolence
NonViolence\NV_528.mp4,NonViolence
NonViolence\NV_529.mp4,NonViolence
NonViolence\NV_53.mp4,NonViolence
NonViolence\NV_530.mp4,NonViolence
NonViolence\NV_531.mp4,NonViolence
NonViolence\NV_532.mp4,NonViolence
NonViolence\NV_533.mp4,NonViolence
NonViolence\NV_534.mp4,NonViolence
NonViolence\NV_535.mp4,NonViolence
NonViolence\NV_536.mp4,NonViolence
NonViolence\NV_537.mp4,NonViolence
NonViolence\NV_538.mp4,NonViolence
NonViolence\NV_539.mp4,NonViolence
NonViolence\NV_54.mp4,NonViolence
NonViolence\NV_540.mp4,NonViolence
NonViolence\NV_541.mp4,NonViolence
NonViolence\NV_542.mp4,NonViolence
NonViolence\NV_543.mp4,NonViolence
NonViolence\NV_544.mp4,NonViolence
NonViolence\NV_545.mp4,NonViolence
NonViolence\NV_546.mp4,NonViolence
NonViolence\NV_547.mp4,NonViolence
NonViolence\NV_548.mp4,NonViolence
NonViolence\NV_549.mp4,NonViolence
NonViolence\NV_55.mp4,NonViolence
NonViolence\NV_550.mp4,NonViolence
NonViolence\NV_551.mp4,NonViolence
NonViolence\NV_552.mp4,NonViolence
NonViolence\NV_553.mp4,NonViolence
NonViolence\NV_554.mp4,NonViolence
NonViolence\NV_555.mp4,NonViolence
NonViolence\NV_556.mp4,NonViolence
NonViolence\NV_557.mp4,NonViolence
NonViolence\NV_558.mp4,NonViolence
NonViolence\NV_559.mp4,NonViolence
NonViolence\NV_56.mp4,NonViolence
NonViolence\NV_560.mp4,NonViolence
NonViolence\NV_561.mp4,NonViolence
NonViolence\NV_562.mp4,NonViolence
NonViolence\NV_563.mp4,NonViolence
NonViolence\NV_564.mp4,NonViolence
NonViolence\NV_565.mp4,NonViolence
NonViolence\NV_566.mp4,NonViolence
NonViolence\NV_567.mp4,NonViolence
NonViolence\NV_568.mp4,NonViolence
NonViolence\NV_569.mp4,NonViolence
NonViolence\NV_57.mp4,NonViolence
NonViolence\NV_570.mp4,NonViolence
NonViolence\NV_571.mp4,NonViolence
NonViolence\NV_572.mp4,NonViolence
NonViolence\NV_573.mp4,NonViolence
NonViolence\NV_574.mp4,NonViolence
NonViolence\NV_575.mp4,NonViolence
NonViolence\NV_576.mp4,NonViolence
NonViolence\NV_577.mp4,NonViolence
NonViolence\NV_578.mp4,NonViolence
NonViolence\NV_579.mp4,NonViolence
NonViolence\NV_58.mp4,NonViolence
NonViolence\NV_580.mp4,NonViolence
NonViolence\NV_581.mp4,NonViolence
NonViolence\NV_582.mp4,NonViolence
NonViolence\NV_583.mp4,NonViolence
NonViolence\NV_584.mp4,NonViolence
NonViolence\NV_585.mp4,NonViolence
NonViolence\NV_586.mp4,NonViolence
NonViolence\NV_587.mp4,NonViolence
NonViolence\NV_588.mp4,NonViolence
NonViolence\NV_589.mp4,NonViolence
NonViolence\NV_59.mp4,NonViolence
NonViolence\NV_590.mp4,NonViolence
NonViolence\NV_591.mp4,NonViolence
NonViolence\NV_592.mp4,NonViolence
NonViolence\NV_593.mp4,NonViolence
NonViolence\NV_594.mp4,NonViolence
NonViolence\NV_595.mp4,NonViolence
NonViolence\NV_596.mp4,NonViolence
NonViolence\NV_597.mp4,NonViolence
NonViolence\NV_598.mp4,NonViolence
NonViolence\NV_599.mp4,NonViolence
NonViolence\NV_6.mp4,NonViolence
NonViolence\NV_60.mp4,NonViolence
NonViolence\NV_600.mp4,NonViolence
NonViolence\NV_601.mp4,NonViolence
NonViolence\NV_602.avi,NonViolence
NonViolence\NV_603.mp4,NonViolence
NonViolence\NV_604.mp4,NonViolence
NonViolence\NV_605.mp4,NonViolence
NonViolence\NV_606.mp4,NonViolence
NonViolence\NV_607.mp4,NonViolence
NonViolence\NV_608.mp4,NonViolence
NonViolence\NV_609.mp4,NonViolence
NonViolence\NV_61.mp4,NonViolence
NonViolence\NV_610.mp4,NonViolence
NonViolence\NV_611.mp4,NonViolence
NonViolence\NV_612.mp4,NonViolence
NonViolence\NV_613.mp4,NonViolence
NonViolence\NV_614.mp4,NonViolence
NonViolence\NV_615.mp4,NonViolence
NonViolence\NV_616.mp4,NonViolence
NonViolence\NV_617.mp4,NonViolence
NonViolence\NV_618.mp4,NonViolence
NonViolence\NV_619.mp4,NonViolence
NonViolence\NV_62.mp4,NonViolence
NonViolence\NV_620.mp4,NonViolence
NonViolence\NV_621.mp4,NonViolence
NonViolence\NV_622.mp4,NonViolence
NonViolence\NV_623.mp4,NonViolence
NonViolence\NV_624.mp4,NonViolence
NonViolence\NV_625.mp4,NonViolence
NonViolence\NV_626.mp4,NonViolence
NonViolence\NV_627.mp4,NonViolence
NonViolence\NV_628.mp4,NonViolence
NonViolence\NV_629.mp4,NonViolence
NonViolence\NV_63.mp4,NonViolence
NonViolence\NV_630.mp4,NonViolence
NonViolence\NV_631.mp4,NonViolence
NonViolence\NV_632.mp4,NonViolence
NonViolence\NV_633.mp4,NonViolence
NonViolence\NV_634.mp4,NonViolence
NonViolence\NV_635.mp4,NonViolence
NonViolence\NV_636.mp4,NonViolence
NonViolence\NV_637.mp4,NonViolence
NonViolence\NV_638.mp4,NonViolence
NonViolence\NV_639.mp4,NonViolence
NonViolence\NV_64.mp4,NonViolence
NonViolence\NV_640.mp4,NonViolence
NonViolence\NV_641.mp4,NonViolence
NonViolence\NV_642.mp4,NonViolence
NonViolence\NV_643.mp4,NonViolence
NonViolence\NV_644.mp4,NonViolence
NonViolence\NV_645.mp4,NonViolence
NonViolence\NV_646.mp4,NonViolence
NonViolence\NV_647.mp4,NonViolence
NonViolence\NV_648.mp4,NonViolence
NonViolence\NV_649.mp4,NonViolence
NonViolence\NV_65.mp4,NonViolence
NonViolence\NV_650.mp4,NonViolence
NonViolence\NV_651.mp4,NonViolence
NonViolence\NV_652.mp4,NonViolence
NonViolence\NV_653.mp4,NonViolence
NonViolence\NV_654.mp4,NonViolence
NonViolence\NV_655.mp4,NonViolence
NonViolence\NV_656.mp4,NonViolence
NonViolence\NV_657.mp4,NonViolence
NonViolence\NV_658.mp4,NonViolence
NonViolence\NV_659.mp4,NonViolence
NonViolence\NV_66.mp4,NonViolence
NonViolence\NV_660.mp4,NonViolence
NonViolence\NV_661.mp4,NonViolence
NonViolence\NV_662.mp4,NonViolence
NonViolence\NV_663.mp4,NonViolence
NonViolence\NV_664.mp4,NonViolence
NonViolence\NV_665.mp4,NonViolence
NonViolence\NV_666.mp4,NonViolence
NonViolence\NV_667.mp4,NonViolence
NonViolence\NV_668.mp4,NonViolence
NonViolence\NV_669.mp4,NonViolence
NonViolence\NV_67.mp4,NonViolence
NonViolence\NV_670.mp4,NonViolence
NonViolence\NV_671.mp4,NonViolence
NonViolence\NV_672.mp4,NonViolence
NonViolence\NV_673.mp4,NonViolence
NonViolence\NV_674.mp4,NonViolence
NonViolence\NV_675.mp4,NonViolence
NonViolence\NV_676.mp4,NonViolence
NonViolence\NV_677.mp4,NonViolence
NonViolence\NV_678.mp4,NonViolence
NonViolence\NV_679.mp4,NonViolence
NonViolence\NV_68.mp4,NonViolence
NonViolence\NV_680.mp4,NonViolence
NonViolence\NV_681.mp4,NonViolence
NonViolence\NV_682.mp4,NonViolence
NonViolence\NV_683.mp4,NonViolence
NonViolence\NV_684.mp4,NonViolence
NonViolence\NV_685.mp4,NonViolence
NonViolence\NV_686.mp4,NonViolence
NonViolence\NV_687.mp4,NonViolence
NonViolence\NV_688.mp4,NonViolence
NonViolence\NV_689.mp4,NonViolence
NonViolence\NV_69.mp4,NonViolence
NonViolence\NV_690.mp4,NonViolence
NonViolence\NV_691.mp4,NonViolence
NonViolence\NV_692.mp4,NonViolence
NonViolence\NV_693.mp4,NonViolence
NonViolence\NV_694.mp4,NonViolence
NonViolence\NV_695.mp4,NonViolence
NonViolence\NV_696.mp4,NonViolence
NonViolence\NV_697.mp4,NonViolence
NonViolence\NV_698.mp4,NonViolence
NonViolence\NV_699.mp4,NonViolence
NonViolence\NV_7.mp4,NonViolence
NonViolence\NV_70.mp4,NonViolence
NonViolence\NV_700.mp4,NonViolence
NonViolence\NV_701.mp4,NonViolence
NonViolence\NV_702.mp4,NonViolence
NonViolence\NV_703.mp4,NonViolence
NonViolence\NV_704.mp4,NonViolence
NonViolence\NV_705.mp4,NonViolence
NonViolence\NV_706.mp4,NonViolence
NonViolence\NV_707.mp4,NonViolence
NonViolence\NV_708.mp4,NonViolence
NonViolence\NV_709.mp4,NonViolence
NonViolence\NV_71.mp4,NonViolence
NonViolence\NV_710.mp4,NonViolence
NonViolence\NV_711.mp4,NonViolence
NonViolence\NV_712.mp4,NonViolence
NonViolence\NV_713.mp4,NonViolence
NonViolence\NV_714.mp4,NonViolence
NonViolence\NV_715.mp4,NonViolence
NonViolence\NV_716.mp4,NonViolence
NonViolence\NV_717.mp4,NonViolence
NonViolence\NV_718.mp4,NonViolence
NonViolence\NV_719.mp4,NonViolence
NonViolence\NV_72.mp4,NonViolence
NonViolence\NV_720.mp4,NonViolence
NonViolence\NV_721.mp4,NonViolence
NonViolence\NV_722.mp4,NonViolence
NonViolence\NV_723.mp4,NonViolence
NonViolence\NV_724.mp4,NonViolence
NonViolence\NV_725.mp4,NonViolence
NonViolence\NV_726.mp4,NonViolence
NonViolence\NV_727.mp4,NonViolence
NonViolence\NV_728.mp4,NonViolence
NonViolence\NV_729.mp4,NonViolence
NonViolence\NV_73.mp4,NonViolence
NonViolence\NV_730.mp4,NonViolence
NonViolence\NV_731.mp4,NonViolence
NonViolence\NV_732.mp4,NonViolence
NonViolence\NV_733.mp4,NonViolence
NonViolence\NV_734.mp4,NonViolence
NonViolence\NV_735.mp4,NonViolence
NonViolence\NV_736.mp4,NonViolence
NonViolence\NV_737.mp4,NonViolence
NonViolence\NV_738.mp4,NonViolence
NonViolence\NV_739.mp4,NonViolence
NonViolence\NV_74.mp4,NonViolence
NonViolence\NV_740.mp4,NonViolence
NonViolence\NV_741.mp4,NonViolence
NonViolence\NV_742.mp4,NonViolence
NonViolence\NV_743.mp4,NonViolence
NonViolence\NV_744.mp4,NonViolence
NonViolence\NV_745.mp4,NonViolence
NonViolence\NV_746.mp4,NonViolence
NonViolence\NV_747.mp4,NonViolence
NonViolence\NV_748.mp4,NonViolence
NonViolence\NV_749.mp4,NonViolence
NonViolence\NV_75.mp4,NonViolence
NonViolence\NV_750.mp4,NonViolence
NonViolence\NV_751.mp4,NonViolence
NonViolence\NV_752.mp4,NonViolence
NonViolence\NV_753.mp4,NonViolence
NonViolence\NV_754.mp4,NonViolence
NonViolence\NV_755.mp4,NonViolence
NonViolence\NV_756.mp4,NonViolence
NonViolence\NV_757.mp4,NonViolence
NonViolence\NV_758.mp4,NonViolence
NonViolence\NV_759.mp4,NonViolence
NonViolence\NV_76.mp4,NonViolence
NonViolence\NV_760.mp4,NonViolence
NonViolence\NV_761.mp4,NonViolence
NonViolence\NV_762.mp4,NonViolence
NonViolence\NV_763.mp4,NonViolence
NonViolence\NV_764.mp4,NonViolence
NonViolence\NV_765.mp4,NonViolence
NonViolence\NV_766.mp4,NonViolence
NonViolence\NV_767.mp4,NonViolence
NonViolence\NV_768.mp4,NonViolence
NonViolence\NV_769.mp4,NonViolence
NonViolence\NV_77.mp4,NonViolence
NonViolence\NV_770.mp4,NonViolence
NonViolence\NV_771.mp4,NonViolence
NonViolence\NV_772.mp4,NonViolence
NonViolence\NV_773.mp4,NonViolence
NonViolence\NV_774.mp4,NonViolence
NonViolence\NV_775.mp4,NonViolence
NonViolence\NV_776.mp4,NonViolence
NonViolence\NV_777.mp4,NonViolence
NonViolence\NV_778.mp4,NonViolence
NonViolence\NV_779.mp4,NonViolence
NonViolence\NV_78.mp4,NonViolence
NonViolence\NV_780.mp4,NonViolence
NonViolence\NV_781.mp4,NonViolence
NonViolence\NV_782.mp4,NonViolence
NonViolence\NV_783.mp4,NonViolence
NonViolence\NV_784.mp4,NonViolence
NonViolence\NV_785.mp4,NonViolence
NonViolence\NV_786.mp4,NonViolence
NonViolence\NV_787.mp4,NonViolence
NonViolence\NV_788.mp4,NonViolence
NonViolence\NV_789.mp4,NonViolence
NonViolence\NV_79.mp4,NonViolence
NonViolence\NV_790.mp4,NonViolence
NonViolence\NV_791.mp4,NonViolence
NonViolence\NV_792.mp4,NonViolence
NonViolence\NV_793.mp4,NonViolence
NonViolence\NV_794.mp4,NonViolence
NonViolence\NV_795.mp4,NonViolence
NonViolence\NV_796.mp4,NonViolence
NonViolence\NV_797.mp4,NonViolence
NonViolence\NV_798.mp4,NonViolence
NonViolence\NV_799.mp4,NonViolence
NonViolence\NV_8.mp4,NonViolence
NonViolence\NV_80.mp4,NonViolence
NonViolence\NV_800.mp4,NonViolence
NonViolence\NV_801.mp4,NonViolence
NonViolence\NV_802.mp4,NonViolence
NonViolence\NV_803.mp4,NonViolence
NonViolence\NV_804.mp4,NonViolence
NonViolence\NV_805.mp4,NonViolence
NonViolence\NV_806.mp4,NonViolence
NonViolence\NV_807.mp4,NonViolence
NonViolence\NV_808.mp4,NonViolence
NonViolence\NV_809.mp4,NonViolence
NonViolence\NV_81.mp4,NonViolence
NonViolence\NV_810.mp4,NonViolence
NonViolence\NV_811.mp4,NonViolence
NonViolence\NV_812.mp4,NonViolence
NonViolence\NV_813.mp4,NonViolence
NonViolence\NV_814.mp4,NonViolence
NonViolence\NV_815.mp4,NonViolence
NonViolence\NV_816.mp4,NonViolence
NonViolence\NV_817.mp4,NonViolence
NonViolence\NV_818.mp4,NonViolence
NonViolence\NV_819.mp4,NonViolence
NonViolence\NV_82.mp4,NonViolence
NonViolence\NV_820.mp4,NonViolence
NonViolence\NV_821.mp4,NonViolence
NonViolence\NV_822.mp4,NonViolence
NonViolence\NV_823.mp4,NonViolence
NonViolence\NV_824.mp4,NonViolence
NonViolence\NV_825.mp4,NonViolence
NonViolence\NV_826.mp4,NonViolence
NonViolence\NV_827.mp4,NonViolence
NonViolence\NV_828.mp4,NonViolence
NonViolence\NV_829.mp4,NonViolence
NonViolence\NV_83.mp4,NonViolence
NonViolence\NV_830.mp4,NonViolence
NonViolence\NV_831.mp4,NonViolence
NonViolence\NV_832.mp4,NonViolence
NonViolence\NV_833.mp4,NonViolence
NonViolence\NV_834.mp4,NonViolence
NonViolence\NV_835.mp4,NonViolence
NonViolence\NV_836.mp4,NonViolence
NonViolence\NV_837.mp4,NonViolence
NonViolence\NV_838.mp4,NonViolence
NonViolence\NV_839.mp4,NonViolence
NonViolence\NV_84.mp4,NonViolence
NonViolence\NV_840.mp4,NonViolence
NonViolence\NV_841.mp4,NonViolence
NonViolence\NV_842.mp4,NonViolence
NonViolence\NV_843.mp4,NonViolence
NonViolence\NV_844.mp4,NonViolence
NonViolence\NV_845.mp4,NonViolence
NonViolence\NV_846.mp4,NonViolence
NonViolence\NV_847.mp4,NonViolence
NonViolence\NV_848.mp4,NonViolence
NonViolence\NV_849.mp4,NonViolence
NonViolence\NV_85.mp4,NonViolence
NonViolence\NV_850.mp4,NonViolence
NonViolence\NV_851.mp4,NonViolence
NonViolence\NV_852.mp4,NonViolence
NonViolence\NV_853.mp4,NonViolence
NonViolence\NV_854.mp4,NonViolence
NonViolence\NV_855.mp4,NonViolence
NonViolence\NV_856.mp4,NonViolence
NonViolence\NV_857.mp4,NonViolence
NonViolence\NV_858.mp4,NonViolence
NonViolence\NV_859.mp4,NonViolence
NonViolence\NV_86.mp4,NonViolence
NonViolence\NV_860.mp4,NonViolence
NonViolence\NV_861.mp4,NonViolence
NonViolence\NV_862.mp4,NonViolence
NonViolence\NV_863.avi,NonViolence
NonViolence\NV_864.avi,NonViolence
NonViolence\NV_865.avi,NonViolence
NonViolence\NV_866.avi,NonViolence
NonViolence\NV_867.avi,NonViolence
NonViolence\NV_868.avi,NonViolence
NonViolence\NV_869.avi,NonViolence
NonViolence\NV_87.mp4,NonViolence
NonViolence\NV_870.avi,NonViolence
NonViolence\NV_871.avi,NonViolence
NonViolence\NV_872.avi,NonViolence
NonViolence\NV_873.avi,NonViolence
NonViolence\NV_874.avi,NonViolence
NonViolence\NV_875.avi,NonViolence
NonViolence\NV_876.avi,NonViolence
NonViolence\NV_877.avi,NonViolence
NonViolence\NV_878.avi,NonViolence
NonViolence\NV_879.avi,NonViolence
NonViolence\NV_88.mp4,NonViolence
NonViolence\NV_880.avi,NonViolence
NonViolence\NV_881.avi,NonViolence
NonViolence\NV_882.avi,NonViolence
NonViolence\NV_883.avi,NonViolence
NonViolence\NV_884.avi,NonViolence
NonViolence\NV_885.avi,NonViolence
NonViolence\NV_886.avi,NonViolence
NonViolence\NV_887.avi,NonViolence
NonViolence\NV_888.avi,NonViolence
NonViolence\NV_889.avi,NonViolence
NonViolence\NV_89.mp4,NonViolence
NonViolence\NV_890.avi,NonViolence
NonViolence\NV_891.avi,NonViolence
NonViolence\NV_892.avi,NonViolence
NonViolence\NV_893.avi,NonViolence
NonViolence\NV_894.avi,NonViolence
NonViolence\NV_895.avi,NonViolence
NonViolence\NV_896.avi,NonViolence
NonViolence\NV_897.avi,NonViolence
NonViolence\NV_898.avi,NonViolence
NonViolence\NV_899.avi,NonViolence
NonViolence\NV_9.mp4,NonViolence
NonViolence\NV_90.mp4,NonViolence
NonViolence\NV_900.avi,NonViolence
NonViolence\NV_901.avi,NonViolence
NonViolence\NV_902.avi,NonViolence
NonViolence\NV_903.avi,NonViolence
NonViolence\NV_904.avi,NonViolence
NonViolence\NV_905.avi,NonViolence
NonViolence\NV_906.avi,NonViolence
NonViolence\NV_907.avi,NonViolence
NonViolence\NV_908.avi,NonViolence
NonViolence\NV_909.avi,NonViolence
NonViolence\NV_91.mp4,NonViolence
NonViolence\NV_910.avi,NonViolence
NonViolence\NV_911.mp4,NonViolence
NonViolence\NV_912.mp4,NonViolence
NonViolence\NV_913.mp4,NonViolence
NonViolence\NV_914.mp4,NonViolence
NonViolence\NV_915.mp4,NonViolence
NonViolence\NV_916.mp4,NonViolence
NonViolence\NV_917.mp4,NonViolence
NonViolence\NV_918.mp4,NonViolence
NonViolence\NV_919.mp4,NonViolence
NonViolence\NV_92.mp4,NonViolence
NonViolence\NV_920.mp4,NonViolence
NonViolence\NV_921.mp4,NonViolence
NonViolence\NV_922.mp4,NonViolence
NonViolence\NV_923.mp4,NonViolence
NonViolence\NV_924.mp4,NonViolence
NonViolence\NV_925.mp4,NonViolence
NonViolence\NV_926.mp4,NonViolence
NonViolence\NV_927.mp4,NonViolence
NonViolence\NV_928.mp4,NonViolence
NonViolence\NV_929.mp4,NonViolence
NonViolence\NV_93.mp4,NonViolence
NonViolence\NV_930.mp4,NonViolence
NonViolence\NV_931.mp4,NonViolence
NonViolence\NV_932.mp4,NonViolence
NonViolence\NV_933.mp4,NonViolence
NonViolence\NV_934.mp4,NonViolence
NonViolence\NV_935.mp4,NonViolence
NonViolence\NV_936.mp4,NonViolence
NonViolence\NV_937.mp4,NonViolence
NonViolence\NV_938.mp4,NonViolence
NonViolence\NV_939.mp4,NonViolence
NonViolence\NV_94.mp4,NonViolence
NonViolence\NV_940.mp4,NonViolence
NonViolence\NV_941.mp4,NonViolence
NonViolence\NV_942.mp4,NonViolence
NonViolence\NV_943.mp4,NonViolence
NonViolence\NV_944.mp4,NonViolence
NonViolence\NV_945.mp4,NonViolence
NonViolence\NV_946.mp4,NonViolence
NonViolence\NV_947.mp4,NonViolence
NonViolence\NV_948.mp4,NonViolence
NonViolence\NV_949.mp4,NonViolence
NonViolence\NV_95.mp4,NonViolence
NonViolence\NV_950.mp4,NonViolence
NonViolence\NV_951.mp4,NonViolence
NonViolence\NV_952.mp4,NonViolence
NonViolence\NV_953.mp4,NonViolence
NonViolence\NV_954.mp4,NonViolence
NonViolence\NV_955.mp4,NonViolence
NonViolence\NV_956.mp4,NonViolence
NonViolence\NV_957.mp4,NonViolence
NonViolence\NV_958.mp4,NonViolence
NonViolence\NV_959.mp4,NonViolence
NonViolence\NV_96.mp4,NonViolence
NonViolence\NV_960.mp4,NonViolence
NonViolence\NV_961.mp4,NonViolence
NonViolence\NV_962.mp4,NonViolence
NonViolence\NV_963.mp4,NonViolence
NonViolence\NV_964.mp4,NonViolence
NonViolence\NV_965.mp4,NonViolence
NonViolence\NV_966.mp4,NonViolence
NonViolence\NV_967.mp4,NonViolence
NonViolence\NV_968.mp4,NonViolence
NonViolence\NV_969.mp4,NonViolence
NonViolence\NV_97.mp4,NonViolence
NonViolence\NV_970.mp4,NonViolence
NonViolence\NV_971.mp4,NonViolence
NonViolence\NV_972.mp4,NonViolence
NonViolence\NV_973.mp4,NonViolence
NonViolence\NV_974.mp4,NonViolence
NonViolence\NV_975.mp4,NonViolence
NonViolence\NV_976.mp4,NonViolence
NonViolence\NV_977.mp4,NonViolence
NonViolence\NV_978.mp4,NonViolence
NonViolence\NV_979.mp4,NonViolence
NonViolence\NV_98.mp4,NonViolence
NonViolence\NV_980.mp4,NonViolence
NonViolence\NV_981.mp4,NonViolence
NonViolence\NV_982.mp4,NonViolence
NonViolence\NV_983.mp4,NonViolence
NonViolence\NV_984.mp4,NonViolence
NonViolence\NV_985.mp4,NonViolence
NonViolence\NV_986.mp4,NonViolence
NonViolence\NV_987.mp4,NonViolence
NonViolence\NV_988.mp4,NonViolence
NonViolence\NV_989.mp4,NonViolence
NonViolence\NV_99.mp4,NonViolence
NonViolence\NV_990.mp4,NonViolence
NonViolence\NV_991.mp4,NonViolence
NonViolence\NV_992.mp4,NonViolence
NonViolence\NV_993.mp4,NonViolence
NonViolence\NV_994.mp4,NonViolence
NonViolence\NV_995.mp4,NonViolence
NonViolence\NV_996.mp4,NonViolence
NonViolence\NV_997.mp4,NonViolence
NonViolence\NV_998.mp4,NonViolence
NonViolence\NV_999.mp4,NonViolence
Violence\V_1.mp4,Violence
Violence\V_10.mp4,Violence
Violence\V_100.mp4,Violence
Violence\V_1000.mp4,Violence
Violence\V_101.mp4,Violence
Violence\V_102.mp4,Violence
Violence\V_103.mp4,Violence
Violence\V_104.mp4,Violence
Violence\V_105.mp4,Violence
Violence\V_106.mp4,Violence
Violence\V_107.mp4,Violence
Violence\V_108.mp4,Violence
Violence\V_109.mp4,Violence
Violence\V_11.mp4,Violence
Violence\V_110.mp4,Violence
Violence\V_111.mp4,Violence
Violence\V_112.mp4,Violence
Violence\V_113.mp4,Violence
Violence\V_114.mp4,Violence
Violence\V_115.mp4,Violence
Violence\V_116.mp4,Violence
Violence\V_117.mp4,Violence
Violence\V_118.mp4,Violence
Violence\V_119.mp4,Violence
Violence\V_12.mp4,Violence
Violence\V_120.mp4,Violence
Violence\V_121.mp4,Violence
Violence\V_122.mp4,Violence
Violence\V_123.mp4,Violence
Violence\V_124.mp4,Violence
Violence\V_125.mp4,Violence
Violence\V_126.mp4,Violence
Violence\V_127.mp4,Violence
Violence\V_128.mp4,Violence
Violence\V_129.mp4,Violence
Violence\V_13.mp4,Violence
Violence\V_130.mp4,Violence
Violence\V_131.mp4,Violence
Violence\V_132.mp4,Violence
Violence\V_133.mp4,Violence
Violence\V_134.mp4,Violence
Violence\V_135.mp4,Violence
Violence\V_136.mp4,Violence
Violence\V_137.mp4,Violence
Violence\V_138.mp4,Violence
Violence\V_139.mp4,Violence
Violence\V_14.mp4,Violence
Violence\V_140.mp4,Violence
Violence\V_141.mp4,Violence
Violence\V_142.mp4,Violence
Violence\V_143.mp4,Violence
Violence\V_144.mp4,Violence
Violence\V_145.mp4,Violence
Violence\V_146.mp4,Violence
Violence\V_147.mp4,Violence
Violence\V_148.mp4,Violence
Violence\V_149.mp4,Violence
Violence\V_15.mp4,Violence
Violence\V_150.mp4,Violence
Violence\V_151.mp4,Violence
Violence\V_152.mp4,Violence
Violence\V_153.mp4,Violence
Violence\V_154.mp4,Violence
Violence\V_155.mp4,Violence
Violence\V_156.mp4,Violence
Violence\V_157.mp4,Violence
Violence\V_158.mp4,Violence
Violence\V_159.mp4,Violence
Violence\V_16.mp4,Violence
Violence\V_160.mp4,Violence
Violence\V_161.mp4,Violence
Violence\V_162.mp4,Violence
Violence\V_163.mp4,Violence
Violence\V_164.mp4,Violence
Violence\V_165.mp4,Violence
Violence\V_166.mp4,Violence
Violence\V_167.mp4,Violence
Violence\V_168.mp4,Violence
Violence\V_169.mp4,Violence
Violence\V_17.mp4,Violence
Violence\V_170.mp4,Violence
Violence\V_171.mp4,Violence
Violence\V_172.mp4,Violence
Violence\V_173.mp4,Violence
Violence\V_174.mp4,Violence
Violence\V_175.mp4,Violence
Violence\V_176.mp4,Violence
Violence\V_177.mp4,Violence
Violence\V_178.mp4,Violence
Violence\V_179.mp4,Violence
Violence\V_18.mp4,Violence
Violence\V_180.mp4,Violence
Violence\V_181.mp4,Violence
Violence\V_182.mp4,Violence
Violence\V_183.mp4,Violence
Violence\V_184.mp4,Violence
Violence\V_185.mp4,Violence
Violence\V_186.mp4,Violence
Violence\V_187.mp4,Violence
Violence\V_188.mp4,Violence
Violence\V_189.mp4,Violence
Violence\V_19.mp4,Violence
Violence\V_190.mp4,Violence
Violence\V_191.mp4,Violence
Violence\V_192.mp4,Violence
Violence\V_193.mp4,Violence
Violence\V_194.mp4,Violence
Violence\V_195.mp4,Violence
Violence\V_196.mp4,Violence
Violence\V_197.mp4,Violence
Violence\V_198.mp4,Violence
Violence\V_199.mp4,Violence
Violence\V_2.mp4,Violence
Violence\V_20.mp4,Violence
Violence\V_200.mp4,Violence
Violence\V_201.mp4,Violence
Violence\V_202.mp4,Violence
Violence\V_203.mp4,Violence
Violence\V_204.mp4,Violence
Violence\V_205.mp4,Violence
Violence\V_206.mp4,Violence
Violence\V_207.mp4,Violence
Violence\V_208.mp4,Violence
Violence\V_209.mp4,Violence
Violence\V_21.mp4,Violence
Violence\V_210.mp4,Violence
Violence\V_211.mp4,Violence
Violence\V_212.mp4,Violence
Violence\V_213.mp4,Violence
Violence\V_214.mp4,Violence
Violence\V_215.mp4,Violence
Violence\V_216.mp4,Violence
Violence\V_217.mp4,Violence
Violence\V_218.mp4,Violence
Violence\V_219.mp4,Violence
Violence\V_22.mp4,Violence
Violence\V_220.mp4,Violence
Violence\V_221.mp4,Violence
Violence\V_222.mp4,Violence
Violence\V_223.mp4,Violence
Violence\V_224.mp4,Violence
Violence\V_225.mp4,Violence
Violence\V_226.mp4,Violence
Violence\V_227.mp4,Violence
Violence\V_228.mp4,Violence
Violence\V_229.mp4,Violence
Violence\V_23.mp4,Violence
Violence\V_230.mp4,Violence
Violence\V_231.mp4,Violence
Violence\V_232.mp4,Violence
Violence\V_233.mp4,Violence
Violence\V_234.mp4,Violence
Violence\V_235.mp4,Violence
Violence\V_236.mp4,Violence
Violence\V_237.mp4,Violence
Violence\V_238.mp4,Violence
Violence\V_239.mp4,Violence
Violence\V_24.mp4,Violence
Violence\V_240.mp4,Violence
Violence\V_241.mp4,Violence
Violence\V_242.mp4,Violence
Violence\V_243.mp4,Violence
Violence\V_244.mp4,Violence
Violence\V_245.mp4,Violence
Violence\V_246.mp4,Violence
Violence\V_247.mp4,Violence
Violence\V_248.mp4,Violence
Violence\V_249.mp4,Violence
Violence\V_25.mp4,Violence
Violence\V_250.mp4,Violence
Violence\V_251.mp4,Violence
Violence\V_252.mp4,Violence
Violence\V_253.mp4,Violence
Violence\V_254.mp4,Violence
Violence\V_255.mp4,Violence
Violence\V_256.mp4,Violence
Violence\V_257.mp4,Violence
Violence\V_258.mp4,Violence
Violence\V_259.mp4,Violence
Violence\V_26.mp4,Violence
Violence\V_260.mp4,Violence
Violence\V_261.mp4,Violence
Violence\V_262.mp4,Violence
Violence\V_263.mp4,Violence
Violence\V_264.mp4,Violence
Violence\V_265.mp4,Violence
Violence\V_266.mp4,Violence
Violence\V_267.mp4,Violence
Violence\V_268.mp4,Violence
Violence\V_269.mp4,Violence
Violence\V_27.mp4,Violence
Violence\V_270.mp4,Violence
Violence\V_271.mp4,Violence
Violence\V_272.mp4,Violence
Violence\V_273.mp4,Violence
Violence\V_274.mp4,Violence
Violence\V_275.mp4,Violence
Violence\V_276.mp4,Violence
Violence\V_277.mp4,Violence
Violence\V_278.mp4,Violence
Violence\V_279.mp4,Violence
Violence\V_28.mp4,Violence
Violence\V_280.mp4,Violence
Violence\V_281.mp4,Violence
Violence\V_282.mp4,Violence
Violence\V_283.mp4,Violence
Violence\V_284.mp4,Violence
Violence\V_285.mp4,Violence
Violence\V_286.mp4,Violence
Violence\V_287.mp4,Violence
Violence\V_288.mp4,Violence
Violence\V_289.mp4,Violence
Violence\V_29.mp4,Violence
Violence\V_290.mp4,Violence
Violence\V_291.mp4,Violence
Violence\V_292.mp4,Violence
Violence\V_293.mp4,Violence
Violence\V_294.mp4,Violence
Violence\V_295.mp4,Violence
Violence\V_296.mp4,Violence
Violence\V_297.mp4,Violence
Violence\V_298.mp4,Violence
Violence\V_299.mp4,Violence
Violence\V_3.mp4,Violence
Violence\V_30.mp4,Violence
Violence\V_300.mp4,Violence
Violence\V_301.mp4,Violence
Violence\V_302.mp4,Violence
Violence\V_303.mp4,Violence
Violence\V_304.mp4,Violence
Violence\V_305.mp4,Violence
Violence\V_306.mp4,Violence
Violence\V_307.mp4,Violence
Violence\V_308.mp4,Violence
Violence\V_309.mp4,Violence
Violence\V_31.mp4,Violence
Violence\V_310.mp4,Violence
Violence\V_311.mp4,Violence
Violence\V_312.mp4,Violence
Violence\V_313.mp4,Violence
Violence\V_314.mp4,Violence
Violence\V_315.mp4,Violence
Violence\V_316.mp4,Violence
Violence\V_317.mp4,Violence
Violence\V_318.mp4,Violence
Violence\V_319.mp4,Violence
Violence\V_32.mp4,Violence
Violence\V_320.mp4,Violence
Violence\V_321.mp4,Violence
Violence\V_322.mp4,Violence
Violence\V_323.mp4,Violence
Violence\V_324.mp4,Violence
Violence\V_325.mp4,Violence
Violence\V_326.mp4,Violence
Violence\V_327.mp4,Violence
Violence\V_328.mp4,Violence
Violence\V_329.mp4,Violence
Violence\V_33.mp4,Violence
Violence\V_330.mp4,Violence
Violence\V_331.mp4,Violence
Violence\V_332.mp4,Violence
Violence\V_333.mp4,Violence
Violence\V_334.mp4,Violence
Violence\V_335.mp4,Violence
Violence\V_336.mp4,Violence
Violence\V_337.mp4,Violence
Violence\V_338.mp4,Violence
Violence\V_339.mp4,Violence
Violence\V_34.mp4,Violence
Violence\V_340.mp4,Violence
Violence\V_341.mp4,Violence
Violence\V_342.mp4,Violence
Violence\V_343.mp4,Violence
Violence\V_344.mp4,Violence
Violence\V_345.mp4,Violence
Violence\V_346.mp4,Violence
Violence\V_347.mp4,Violence
Violence\V_348.mp4,Violence
Violence\V_349.mp4,Violence
Violence\V_35.mp4,Violence
Violence\V_350.mp4,Violence
Violence\V_351.mp4,Violence
Violence\V_352.mp4,Violence
Violence\V_353.mp4,Violence
Violence\V_354.mp4,Violence
Violence\V_355.mp4,Violence
Violence\V_356.mp4,Violence
Violence\V_357.mp4,Violence
Violence\V_358.mp4,Violence
Violence\V_359.mp4,Violence
Violence\V_36.mp4,Violence
Violence\V_360.mp4,Violence
Violence\V_361.mp4,Violence
Violence\V_362.mp4,Violence
Violence\V_363.mp4,Violence
Violence\V_364.mp4,Violence
Violence\V_365.mp4,Violence
Violence\V_366.mp4,Violence
Violence\V_367.mp4,Violence
Violence\V_368.mp4,Violence
Violence\V_369.mp4,Violence
Violence\V_37.mp4,Violence
Violence\V_370.mp4,Violence
Violence\V_371.mp4,Violence
Violence\V_372.mp4,Violence
Violence\V_373.mp4,Violence
Violence\V_374.mp4,Violence
Violence\V_375.mp4,Violence
Violence\V_376.mp4,Violence
Violence\V_377.mp4,Violence
Violence\V_378.mp4,Violence
Violence\V_379.mp4,Violence
Violence\V_38.mp4,Violence
Violence\V_380.mp4,Violence
Violence\V_381.mp4,Violence
Violence\V_382.mp4,Violence
Violence\V_383.mp4,Violence
Violence\V_384.mp4,Violence
Violence\V_385.mp4,Violence
Violence\V_386.mp4,Violence
Violence\V_387.mp4,Violence
Violence\V_388.mp4,Violence
Violence\V_389.mp4,Violence
Violence\V_39.mp4,Violence
Violence\V_390.mp4,Violence
Violence\V_391.mp4,Violence
Violence\V_392.mp4,Violence
Violence\V_393.mp4,Violence
Violence\V_394.mp4,Violence
Violence\V_395.mp4,Violence
Violence\V_396.mp4,Violence
Violence\V_397.mp4,Violence
Violence\V_398.mp4,Violence
Violence\V_399.mp4,Violence
Violence\V_4.mp4,Violence
Violence\V_40.mp4,Violence
Violence\V_400.mp4,Violence
Violence\V_401.mp4,Violence
Violence\V_402.mp4,Violence
Violence\V_403.mp4,Violence
Violence\V_404.mp4,Violence
Violence\V_405.mp4,Violence
Violence\V_406.mp4,Violence
Violence\V_407.mp4,Violence
Violence\V_408.mp4,Violence
Violence\V_409.mp4,Violence
Violence\V_41.mp4,Violence
Violence\V_410.mp4,Violence
Violence\V_411.mp4,Violence
Violence\V_412.mp4,Violence
Violence\V_413.mp4,Violence
Violence\V_414.mp4,Violence
Violence\V_415.mp4,Violence
Violence\V_416.mp4,Violence
Violence\V_417.mp4,Violence
Violence\V_418.mp4,Violence
Violence\V_419.mp4,Violence
Violence\V_42.mp4,Violence
Violence\V_420.mp4,Violence
Violence\V_421.mp4,Violence
Violence\V_422.mp4,Violence
Violence\V_423.mp4,Violence
Violence\V_424.mp4,Violence
Violence\V_425.mp4,Violence
Violence\V_426.mp4,Violence
Violence\V_427.mp4,Violence
Violence\V_428.mp4,Violence
Violence\V_429.mp4,Violence
Violence\V_43.mp4,Violence
Violence\V_430.mp4,Violence
Violence\V_431.mp4,Violence
Violence\V_432.mp4,Violence
Violence\V_433.mp4,Violence
Violence\V_434.mp4,Violence
Violence\V_435.mp4,Violence
Violence\V_436.mp4,Violence
Violence\V_437.mp4,Violence
Violence\V_438.mp4,Violence
Violence\V_439.mp4,Violence
Violence\V_44.mp4,Violence
Violence\V_440.mp4,Violence
Violence\V_441.mp4,Violence
Violence\V_442.mp4,Violence
Violence\V_443.mp4,Violence
Violence\V_444.mp4,Violence
Violence\V_445.mp4,Violence
Violence\V_446.mp4,Violence
Violence\V_447.mp4,Violence
Violence\V_448.mp4,Violence
Violence\V_449.mp4,Violence
Violence\V_45.mp4,Violence
Violence\V_450.mp4,Violence
Violence\V_451.mp4,Violence
Violence\V_452.mp4,Violence
Violence\V_453.mp4,Violence
Violence\V_454.mp4,Violence
Violence\V_455.mp4,Violence
Violence\V_456.mp4,Violence
Violence\V_457.mp4,Violence
Violence\V_458.mp4,Violence
Violence\V_459.mp4,Violence
Violence\V_46.mp4,Violence
Violence\V_460.mp4,Violence
Violence\V_461.mp4,Violence
Violence\V_462.mp4,Violence
Violence\V_463.mp4,Violence
Violence\V_464.mp4,Violence
Violence\V_465.mp4,Violence
Violence\V_466.mp4,Violence
Violence\V_467.mp4,Violence
Violence\V_468.mp4,Violence
Violence\V_469.mp4,Violence
Violence\V_47.mp4,Violence
Violence\V_470.mp4,Violence
Violence\V_471.mp4,Violence
Violence\V_472.mp4,Violence
Violence\V_473.mp4,Violence
Violence\V_474.mp4,Violence
Violence\V_475.mp4,Violence
Violence\V_476.mp4,Violence
Violence\V_477.mp4,Violence
Violence\V_478.mp4,Violence
Violence\V_479.mp4,Violence
Violence\V_48.mp4,Violence
Violence\V_480.mp4,Violence
Violence\V_481.mp4,Violence
Violence\V_482.mp4,Violence
Violence\V_483.mp4,Violence
Violence\V_484.mp4,Violence
Violence\V_485.mp4,Violence
Violence\V_486.mp4,Violence
Violence\V_487.mp4,Violence
Violence\V_488.mp4,Violence
Violence\V_489.mp4,Violence
Violence\V_49.mp4,Violence
Violence\V_490.mp4,Violence
Violence\V_491.mp4,Violence
Violence\V_492.mp4,Violence
Violence\V_493.mp4,Violence
Violence\V_494.mp4,Violence
Violence\V_495.mp4,Violence
Violence\V_496.mp4,Violence
Violence\V_497.mp4,Violence
Violence\V_498.mp4,Violence
Violence\V_499.mp4,Violence
Violence\V_5.mp4,Violence
Violence\V_50.mp4,Violence
Violence\V_500.mp4,Violence
Violence\V_501.mp4,Violence
Violence\V_502.mp4,Violence
Violence\V_503.mp4,Violence
Violence\V_504.mp4,Violence
Violence\V_505.mp4,Violence
Violence\V_506.mp4,Violence
Violence\V_507.mp4,Violence
Violence\V_508.mp4,Violence
Violence\V_509.mp4,Violence
Violence\V_51.mp4,Violence
Violence\V_510.mp4,Violence
Violence\V_511.mp4,Violence
Violence\V_512.mp4,Violence
Violence\V_513.mp4,Violence
Violence\V_514.mp4,Violence
Violence\V_515.mp4,Violence
Violence\V_516.mp4,Violence
Violence\V_517.mp4,Violence
Violence\V_518.mp4,Violence
Violence\V_519.mp4,Violence
Violence\V_52.mp4,Violence
Violence\V_520.mp4,Violence
Violence\V_521.mp4,Violence
Violence\V_522.mp4,Violence
Violence\V_523.mp4,Violence
Violence\V_524.mp4,Violence
Violence\V_525.mp4,Violence
Violence\V_526.mp4,Violence
Violence\V_527.mp4,Violence
Violence\V_528.mp4,Violence
Violence\V_529.mp4,Violence
Violence\V_53.mp4,Violence
Violence\V_530.mp4,Violence
Violence\V_531.mp4,Violence
Violence\V_532.mp4,Violence
Violence\V_533.mp4,Violence
Violence\V_534.mp4,Violence
Violence\V_535.mp4,Violence
Violence\V_536.mp4,Violence
Violence\V_537.mp4,Violence
Violence\V_538.mp4,Violence
Violence\V_539.mp4,Violence
Violence\V_54.mp4,Violence
Violence\V_540.mp4,Violence
Violence\V_541.mp4,Violence
Violence\V_542.mp4,Violence
Violence\V_543.mp4,Violence
Violence\V_544.mp4,Violence
Violence\V_545.mp4,Violence
Violence\V_546.mp4,Violence
Violence\V_547.mp4,Violence
Violence\V_548.mp4,Violence
Violence\V_549.mp4,Violence
Violence\V_55.mp4,Violence
Violence\V_550.mp4,Violence
Violence\V_551.mp4,Violence
Violence\V_552.mp4,Violence
Violence\V_553.mp4,Violence
Violence\V_554.mp4,Violence
Violence\V_555.mp4,Violence
Violence\V_556.mp4,Violence
Violence\V_557.mp4,Violence
Violence\V_558.mp4,Violence
Violence\V_559.mp4,Violence
Violence\V_56.mp4,Violence
Violence\V_560.mp4,Violence
Violence\V_561.mp4,Violence
Violence\V_562.mp4,Violence
Violence\V_563.mp4,Violence
Violence\V_564.mp4,Violence
Violence\V_565.mp4,Violence
Violence\V_566.mp4,Violence
Violence\V_567.mp4,Violence
Violence\V_568.mp4,Violence
Violence\V_569.mp4,Violence
Violence\V_57.mp4,Violence
Violence\V_570.mp4,Violence
Violence\V_571.mp4,Violence
Violence\V_572.mp4,Violence
Violence\V_573.mp4,Violence
Violence\V_574.mp4,Violence
Violence\V_575.mp4,Violence
Violence\V_576.mp4,Violence
Violence\V_577.mp4,Violence
Violence\V_578.mp4,Violence
Violence\V_579.mp4,Violence
Violence\V_58.mp4,Violence
Violence\V_580.mp4,Violence
Violence\V_581.mp4,Violence
Violence\V_582.mp4,Violence
Violence\V_583.mp4,Violence
Violence\V_584.mp4,Violence
Violence\V_585.mp4,Violence
Violence\V_586.mp4,Violence
Violence\V_587.mp4,Violence
Violence\V_588.mp4,Violence
Violence\V_589.mp4,Violence
Violence\V_59.mp4,Violence
Violence\V_590.mp4,Violence
Violence\V_591.mp4,Violence
Violence\V_592.mp4,Violence
Violence\V_593.mp4,Violence
Violence\V_594.mp4,Violence
Violence\V_595.mp4,Violence
Violence\V_596.mp4,Violence
Violence\V_597.mp4,Violence
Violence\V_598.mp4,Violence
Violence\V_599.mp4,Violence
Violence\V_6.mp4,Violence
Violence\V_60.mp4,Violence
Violence\V_600.mp4,Violence
Violence\V_601.mp4,Violence
Violence\V_602.mp4,Violence
Violence\V_603.mp4,Violence
Violence\V_604.mp4,Violence
Violence\V_605.mp4,Violence
Violence\V_606.mp4,Violence
Violence\V_607.mp4,Violence
Violence\V_608.mp4,Violence
Violence\V_609.mp4,Violence
Violence\V_61.mp4,Violence
Violence\V_610.mp4,Violence
Violence\V_611.mp4,Violence
Violence\V_612.mp4,Violence
Violence\V_613.mp4,Violence
Violence\V_614.mp4,Violence
Violence\V_615.mp4,Violence
Violence\V_616.mp4,Violence
Violence\V_617.mp4,Violence
Violence\V_618.mp4,Violence
Violence\V_619.mp4,Violence
Violence\V_62.mp4,Violence
Violence\V_620.mp4,Violence
Violence\V_621.mp4,Violence
Violence\V_622.mp4,Violence
Violence\V_623.mp4,Violence
Violence\V_624.mp4,Violence
Violence\V_625.mp4,Violence
Violence\V_626.mp4,Violence
Violence\V_627.mp4,Violence
Violence\V_628.mp4,Violence
Violence\V_629.mp4,Violence
Violence\V_63.mp4,Violence
Violence\V_630.mp4,Violence
Violence\V_631.mp4,Violence
Violence\V_632.mp4,Violence
Violence\V_633.mp4,Violence
Violence\V_634.mp4,Violence
Violence\V_635.mp4,Violence
Violence\V_636.mp4,Violence
Violence\V_637.mp4,Violence
Violence\V_638.mp4,Violence
Violence\V_639.mp4,Violence
Violence\V_64.mp4,Violence
Violence\V_640.mp4,Violence
Violence\V_641.mp4,Violence
Violence\V_642.mp4,Violence
Violence\V_643.mp4,Violence
Violence\V_644.mp4,Violence
Violence\V_645.mp4,Violence
Violence\V_646.mp4,Violence
Violence\V_647.mp4,Violence
Violence\V_648.mp4,Violence
Violence\V_649.mp4,Violence
Violence\V_65.mp4,Violence
Violence\V_650.mp4,Violence
Violence\V_651.mp4,Violence
Violence\V_652.mp4,Violence
Violence\V_653.mp4,Violence
Violence\V_654.mp4,Violence
Violence\V_655.mp4,Violence
Violence\V_656.mp4,Violence
Violence\V_657.mp4,Violence
Violence\V_658.mp4,Violence
Violence\V_659.mp4,Violence
Violence\V_66.mp4,Violence
Violence\V_660.mp4,Violence
Violence\V_661.mp4,Violence
Violence\V_662.mp4,Violence
Violence\V_663.mp4,Violence
Violence\V_664.mp4,Violence
Violence\V_665.mp4,Violence
Violence\V_666.mp4,Violence
Violence\V_667.mp4,Violence
Violence\V_668.mp4,Violence
Violence\V_669.mp4,Violence
Violence\V_67.mp4,Violence
Violence\V_670.mp4,Violence
Violence\V_671.mp4,Violence
Violence\V_672.mp4,Violence
Violence\V_673.mp4,Violence
Violence\V_674.mp4,Violence
Violence\V_675.mp4,Violence
Violence\V_676.mp4,Violence
Violence\V_677.mp4,Violence
Violence\V_678.mp4,Violence
Violence\V_679.mp4,Violence
Violence\V_68.mp4,Violence
Violence\V_680.mp4,Violence
Violence\V_681.mp4,Violence
Violence\V_682.mp4,Violence
Violence\V_683.mp4,Violence
Violence\V_684.mp4,Violence
Violence\V_685.mp4,Violence
Violence\V_686.mp4,Violence
Violence\V_687.mp4,Violence
Violence\V_688.mp4,Violence
Violence\V_689.mp4,Violence
Violence\V_69.mp4,Violence
Violence\V_690.mp4,Violence
Violence\V_691.mp4,Violence
Violence\V_692.mp4,Violence
Violence\V_693.mp4,Violence
Violence\V_694.mp4,Violence
Violence\V_695.mp4,Violence
Violence\V_696.mp4,Violence
Violence\V_697.mp4,Violence
Violence\V_698.mp4,Violence
Violence\V_699.mp4,Violence
Violence\V_7.mp4,Violence
Violence\V_70.mp4,Violence
Violence\V_700.mp4,Violence
Violence\V_701.mp4,Violence
Violence\V_702.mp4,Violence
Violence\V_703.mp4,Violence
Violence\V_704.mp4,Violence
Violence\V_705.mp4,Violence
Violence\V_706.mp4,Violence
Violence\V_707.mp4,Violence
Violence\V_708.mp4,Violence
Violence\V_709.mp4,Violence
Violence\V_71.mp4,Violence
Violence\V_710.mp4,Violence
Violence\V_711.mp4,Violence
Violence\V_712.mp4,Violence
Violence\V_713.mp4,Violence
Violence\V_714.mp4,Violence
Violence\V_715.mp4,Violence
Violence\V_716.mp4,Violence
Violence\V_717.mp4,Violence
Violence\V_718.mp4,Violence
Violence\V_719.mp4,Violence
Violence\V_72.mp4,Violence
Violence\V_720.mp4,Violence
Violence\V_721.mp4,Violence
Violence\V_722.mp4,Violence
Violence\V_723.mp4,Violence
Violence\V_724.mp4,Violence
Violence\V_725.mp4,Violence
Violence\V_726.mp4,Violence
Violence\V_727.mp4,Violence
Violence\V_728.mp4,Violence
Violence\V_729.mp4,Violence
Violence\V_73.mp4,Violence
Violence\V_730.mp4,Violence
Violence\V_731.mp4,Violence
Violence\V_732.mp4,Violence
Violence\V_733.mp4,Violence
Violence\V_734.mp4,Violence
Violence\V_735.mp4,Violence
Violence\V_736.mp4,Violence
Violence\V_737.mp4,Violence
Violence\V_738.mp4,Violence
Violence\V_739.mp4,Violence
Violence\V_74.mp4,Violence
Violence\V_740.mp4,Violence
Violence\V_741.mp4,Violence
Violence\V_742.mp4,Violence
Violence\V_743.mp4,Violence
Violence\V_744.mp4,Violence
Violence\V_745.mp4,Violence
Violence\V_746.mp4,Violence
Violence\V_747.mp4,Violence
Violence\V_748.mp4,Violence
Violence\V_749.mp4,Violence
Violence\V_75.mp4,Violence
Violence\V_750.mp4,Violence
Violence\V_751.mp4,Violence
Violence\V_752.mp4,Violence
Violence\V_753.mp4,Violence
Violence\V_754.mp4,Violence
Violence\V_755.mp4,Violence
Violence\V_756.mp4,Violence
Violence\V_757.mp4,Violence
Violence\V_758.mp4,Violence
Violence\V_759.mp4,Violence
Violence\V_76.mp4,Violence
Violence\V_760.mp4,Violence
Violence\V_761.mp4,Violence
Violence\V_762.mp4,Violence
Violence\V_763.mp4,Violence
Violence\V_764.mp4,Violence
Violence\V_765.mp4,Violence
Violence\V_766.mp4,Violence
Violence\V_767.mp4,Violence
Violence\V_768.mp4,Violence
Violence\V_769.mp4,Violence
Violence\V_77.mp4,Violence
Violence\V_770.mp4,Violence
Violence\V_771.mp4,Violence
Violence\V_772.mp4,Violence
Violence\V_773.mp4,Violence
Violence\V_774.mp4,Violence
Violence\V_775.mp4,Violence
Violence\V_776.mp4,Violence
Violence\V_777.mp4,Violence
Violence\V_778.mp4,Violence
Violence\V_779.mp4,Violence
Violence\V_78.mp4,Violence
Violence\V_780.mp4,Violence
Violence\V_781.mp4,Violence
Violence\V_782.mp4,Violence
Violence\V_783.mp4,Violence
Violence\V_784.mp4,Violence
Violence\V_785.mp4,Violence
Violence\V_786.mp4,Violence
Violence\V_787.mp4,Violence
Violence\V_788.mp4,Violence
Violence\V_789.mp4,Violence
Violence\V_79.mp4,Violence
Violence\V_790.mp4,Violence
Violence\V_791.mp4,Violence
Violence\V_792.mp4,Violence
Violence\V_793.mp4,Violence
Violence\V_794.mp4,Violence
Violence\V_795.mp4,Violence
Violence\V_796.mp4,Violence
Violence\V_797.mp4,Violence
Violence\V_798.mp4,Violence
Violence\V_799.mp4,Violence
Violence\V_8.mp4,Violence
Violence\V_80.mp4,Violence
Violence\V_800.mp4,Violence
Violence\V_801.mp4,Violence
Violence\V_802.mp4,Violence
Violence\V_803.mp4,Violence
Violence\V_804.mp4,Violence
Violence\V_805.mp4,Violence
Violence\V_806.mp4,Violence
Violence\V_807.mp4,Violence
Violence\V_808.mp4,Violence
Violence\V_809.mp4,Violence
Violence\V_81.mp4,Violence
Violence\V_810.mp4,Violence
Violence\V_811.mp4,Violence
Violence\V_812.mp4,Violence
Violence\V_813.mp4,Violence
Violence\V_814.mp4,Violence
Violence\V_815.mp4,Violence
Violence\V_816.mp4,Violence
Violence\V_817.mp4,Violence
Violence\V_818.mp4,Violence
Violence\V_819.mp4,Violence
Violence\V_82.mp4,Violence
Violence\V_820.mp4,Violence
Violence\V_821.mp4,Violence
Violence\V_822.mp4,Violence
Violence\V_823.mp4,Violence
Violence\V_824.mp4,Violence
Violence\V_825.mp4,Violence
Violence\V_826.mp4,Violence
Violence\V_827.mp4,Violence
Violence\V_828.mp4,Violence
Violence\V_829.mp4,Violence
Violence\V_83.mp4,Violence
Violence\V_830.mp4,Violence
Violence\V_831.mp4,Violence
Violence\V_832.mp4,Violence
Violence\V_833.mp4,Violence
Violence\V_834.mp4,Violence
Violence\V_835.mp4,Violence
Violence\V_836.mp4,Violence
Violence\V_837.mp4,Violence
Violence\V_838.mp4,Violence
Violence\V_839.mp4,Violence
Violence\V_84.mp4,Violence
Violence\V_840.mp4,Violence
Violence\V_841.mp4,Violence
Violence\V_842.mp4,Violence
Violence\V_843.mp4,Violence
Violence\V_844.mp4,Violence
Violence\V_845.mp4,Violence
Violence\V_846.mp4,Violence
Violence\V_847.mp4,Violence
Violence\V_848.mp4,Violence
Violence\V_849.mp4,Violence
Violence\V_85.mp4,Violence
Violence\V_850.mp4,Violence
Violence\V_851.mp4,Violence
Violence\V_852.mp4,Violence
Violence\V_853.mp4,Violence
Violence\V_854.mp4,Violence
Violence\V_855.mp4,Violence
Violence\V_856.mp4,Violence
Violence\V_857.mp4,Violence
Violence\V_858.mp4,Violence
Violence\V_859.mp4,Violence
Violence\V_86.mp4,Violence
Violence\V_860.mp4,Violence
Violence\V_861.mp4,Violence
Violence\V_862.mp4,Violence
Violence\V_863.mp4,Violence
Violence\V_864.mp4,Violence
Violence\V_865.mp4,Violence
Violence\V_866.mp4,Violence
Violence\V_867.mp4,Violence
Violence\V_868.mp4,Violence
Violence\V_869.mp4,Violence
Violence\V_87.mp4,Violence
Violence\V_870.mp4,Violence
Violence\V_871.mp4,Violence
Violence\V_872.mp4,Violence
Violence\V_873.mp4,Violence
Violence\V_874.mp4,Violence
Violence\V_875.mp4,Violence
Violence\V_876.mp4,Violence
Violence\V_877.mp4,Violence
Violence\V_878.mp4,Violence
Violence\V_879.mp4,Violence
Violence\V_88.mp4,Violence
Violence\V_880.mp4,Violence
Violence\V_881.mp4,Violence
Violence\V_882.mp4,Violence
Violence\V_883.mp4,Violence
Violence\V_884.mp4,Violence
Violence\V_885.mp4,Violence
Violence\V_886.mp4,Violence
Violence\V_887.mp4,Violence
Violence\V_888.mp4,Violence
Violence\V_889.mp4,Violence
Violence\V_89.mp4,Violence
Violence\V_890.mp4,Violence
Violence\V_891.mp4,Violence
Violence\V_892.mp4,Violence
Violence\V_893.mp4,Violence
Violence\V_894.mp4,Violence
Violence\V_895.mp4,Violence
Violence\V_896.mp4,Violence
Violence\V_897.mp4,Violence
Violence\V_898.mp4,Violence
Violence\V_899.mp4,Violence
Violence\V_9.mp4,Violence
Violence\V_90.mp4,Violence
Violence\V_900.mp4,Violence
Violence\V_901.mp4,Violence
Violence\V_902.mp4,Violence
Violence\V_903.mp4,Violence
Violence\V_904.mp4,Violence
Violence\V_905.mp4,Violence
Violence\V_906.mp4,Violence
Violence\V_907.mp4,Violence
Violence\V_908.mp4,Violence
Violence\V_909.mp4,Violence
Violence\V_91.mp4,Violence
Violence\V_910.mp4,Violence
Violence\V_911.mp4,Violence
Violence\V_912.mp4,Violence
Violence\V_913.mp4,Violence
Violence\V_914.mp4,Violence
Violence\V_915.mp4,Violence
Violence\V_916.mp4,Violence
Violence\V_917.mp4,Violence
Violence\V_918.mp4,Violence
Violence\V_919.mp4,Violence
Violence\V_92.mp4,Violence
Violence\V_920.mp4,Violence
Violence\V_921.mp4,Violence
Violence\V_922.mp4,Violence
Violence\V_923.mp4,Violence
Violence\V_924.mp4,Violence
Violence\V_925.mp4,Violence
Violence\V_926.mp4,Violence
Violence\V_927.mp4,Violence
Violence\V_928.mp4,Violence
Violence\V_929.mp4,Violence
Violence\V_93.mp4,Violence
Violence\V_930.mp4,Violence
Violence\V_931.mp4,Violence
Violence\V_932.mp4,Violence
Violence\V_933.mp4,Violence
Violence\V_934.mp4,Violence
Violence\V_935.mp4,Violence
Violence\V_936.mp4,Violence
Violence\V_937.mp4,Violence
Violence\V_938.mp4,Violence
Violence\V_939.mp4,Violence
Violence\V_94.mp4,Violence
Violence\V_940.mp4,Violence
Violence\V_941.mp4,Violence
Violence\V_942.mp4,Violence
Violence\V_943.mp4,Violence
Violence\V_944.mp4,Violence
Violence\V_945.mp4,Violence
Violence\V_946.mp4,Violence
Violence\V_947.mp4,Violence
Violence\V_948.mp4,Violence
Violence\V_949.mp4,Violence
Violence\V_95.mp4,Violence
Violence\V_950.mp4,Violence
Violence\V_951.mp4,Violence
Violence\V_952.mp4,Violence
Violence\V_953.mp4,Violence
Violence\V_954.mp4,Violence
Violence\V_955.mp4,Violence
Violence\V_956.mp4,Violence
Violence\V_957.mp4,Violence
Violence\V_958.mp4,Violence
Violence\V_959.mp4,Violence
Violence\V_96.mp4,Violence
Violence\V_960.mp4,Violence
Violence\V_961.mp4,Violence
Violence\V_962.mp4,Violence
Violence\V_963.mp4,Violence
Violence\V_964.mp4,Violence
Violence\V_965.mp4,Violence
Violence\V_966.mp4,Violence
Violence\V_967.mp4,Violence
Violence\V_968.mp4,Violence
Violence\V_969.mp4,Violence
Violence\V_97.mp4,Violence
Violence\V_970.mp4,Violence
Violence\V_971.mp4,Violence
Violence\V_972.mp4,Violence
Violence\V_973.mp4,Violence
Violence\V_974.mp4,Violence
Violence\V_975.mp4,Violence
Violence\V_976.mp4,Violence
Violence\V_977.mp4,Violence
Violence\V_978.mp4,Violence
Violence\V_979.mp4,Violence
Violence\V_98.mp4,Violence
Violence\V_980.mp4,Violence
Violence\V_981.mp4,Violence
Violence\V_982.mp4,Violence
Violence\V_983.mp4,Violence
Violence\V_984.mp4,Violence
Violence\V_985.mp4,Violence
Violence\V_986.mp4,Violence
Violence\V_987.mp4,Violence
Violence\V_988.mp4,Violence
Violence\V_989.mp4,Violence
Violence\V_99.mp4,Violence
Violence\V_990.mp4,Violence
Violence\V_991.mp4,Violence
Violence\V_992.mp4,Violence
Violence\V_993.mp4,Violence
Violence\V_994.mp4,Violence
Violence\V_995.mp4,Violence
Violence\V_996.mp4,Violence
Violence\V_997.mp4,Violence
Violence\V_998.mp4,Violence
Violence\V_999.mp4,Violence
